Type, Key, Time
BST, them, 11300
BST, well, 1300
BST, must, 1200
BST, pullaways, 1500
BST, fireballs, 6400
BST, slipped, 1100
BST, since, 800
BST, tell, 1100
BST, moderate, 1600
BST, notable, 1200
BST, other, 1000
BST, theatre, 800
BST, proper, 1100
BST, similar, 700
BST, tabby, 1200
BST, soften, 1000
BST, tum, 1800
BST, saying, 1100
BST, stepped, 1300
BST, gag, 1300
BST, she's, 1400
BST, matter, 1100
BST, dried, 1500
BST, victoria's, 1300
BST, eight, 600
BST, at, 4300
BST, high, 1300
BST, sorrow, 1100
BST, grown, 800
BST, against, 3800
BST, knife, 1300
BST, sane, 1000
BST, ninety, 700
BST, big, 1100
BST, quiet, 2800
BST, need, 1200
BST, curfew, 1700
BST, fish, 1400
BST, whiskers, 1300
BST, word, 700
BST, cage, 1100
BST, breaks, 1400
BST, potted, 1200
BST, might, 1400
BST, star, 1100
BST, are, 700
BST, games, 1200
BST, shall, 700
BST, victor, 1200
BST, admetus, 1700
BST, move, 1000
BST, strassburg, 800
BST, deceive, 1500
BST, wellington, 900
BST, criminal, 1200
BST, manners, 700
BST, as, 600
BST, days, 800
BST, caviare, 1400
BST, third, 1300
BST, feline, 1100
BST, held, 1300
BST, celebration, 2900
BST, unless, 1800
BST, undignified, 1500
BST, comedians, 1400
BST, with, 1100
BST, nell, 1300
BST, you've, 3182400
BST, folded, 3500
BST, you're, 1900
BST, merely, 22200
BST, unusual, 1600
BST, loss, 1700
BST, aim, 1200
BST, looted, 700
BST, paste, 2100
BST, hairier, 1500
BST, parts, 1100
BST, off, 1100
BST, much, 800
BST, noises, 1100
BST, ships, 1400
BST, enjoys, 1900
BST, cabbage, 800
BST, under, 600
BST, flat, 1100
BST, you'll, 700
BST, pull, 1600
BST, he's, 500
BST, daily, 1400
BST, weak, 1000
BST, flip, 800
BST, vast, 900
BST, within, 800
BST, often, 800
BST, shuffle, 1500
BST, trellis, 1200
BST, growltiger, 900
BST, ineffable, 1700
BST, snake, 800
BST, neighbours, 1600
BST, slowly, 1400
BST, drilled, 900
BST, physiognomy, 1500
BST, drink, 500
BST, great, 1800
BST, conversation, 1600
BST, croaks, 1600
BST, highest, 1200
BST, enjoys, 700
BST, as, 700
BST, argentine, 1100
BST, wears, 800
BST, listen, 2300
BST, quickly, 2000
BST, quick, 1200
BST, chuck, 1200
BST, whom, 1000
BST, rapt, 1000
BST, above, 1800
BST, ways, 800
BST, trouble, 1400
BST, their, 1400
BST, smooth, 1100
BST, part, 900
BST, scouts, 1800
BST, family's, 6400
BST, regarded, 800
BST, lock, 600
BST, growltiger, 800
BST, which, 800
BST, firefrorefiddle, 1200
BST, lined, 900
BST, her, 1000
BST, cherish, 1300
BST, teaches, 1900
BST, forced, 1000
BST, potatoes, 1100
BST, winking, 1100
BST, shall, 500
BST, frying, 1000
BST, third, 1100
BST, levitation, 900
BST, change, 1100
BST, started, 1700
BST, yes, 1600
BST, lock, 600
BST, back, 900
BST, disclosed, 1300
BST, cage, 1100
BST, moment, 600
BST, sees, 700
BST, bombalurina, 1100
BST, tall, 2700
BST, highly, 1400
BST, efficient, 1100
BST, pub, 1200
BST, frightful, 1500
BST, pall, 900
BST, child, 1100
BST, foreign, 1000
BST, shakespeare, 1100
BST, paper, 1000
BST, admit, 900
BST, jumping, 1000
BST, tiger, 1000
BST, dock, 900
BST, soul, 1100
BST, pantomime, 700
BST, whole, 500
BST, longer, 900
BST, know, 1000
BST, depravity, 1000
BST, bosun, 800
BST, pressed, 800
BST, vague, 1000
BST, cheers, 1200
BST, fell, 900
BST, succulent, 600
BST, dinner, 800
BST, hemisphere, 1200
BST, evidences, 800
BST, louts, 1500
BST, dish, 700
BST, knockabout, 800
BST, heroes, 900
BST, every, 500
BST, produced, 900
BST, bosun, 700
BST, dick, 700
BST, concentrating, 700
BST, dogs, 1200
BST, terpsichorean, 1100
BST, middle, 1300
BST, takes, 700
BST, good, 1200
BST, hear, 600
BST, youth, 700
BST, st, 500
BST, bravo, 500
BST, sill, 1000
BST, wants, 800
BST, met, 1000
BST, cottagers, 600
BST, travellers, 900
BST, irregular, 900
BST, despair, 700
BST, east, 500
BST, huffery, 1400
BST, reigned, 900
BST, lean, 1100
BST, politely, 1200
BST, cause, 900
BST, plans, 1200
BST, jig, 1000
BST, strand, 900
BST, economy, 900
BST, office, 900
BST, hearts, 700
BST, fast, 700
BST, than, 900
BST, pullaways, 700
BST, halls, 1000
BST, very, 800
BST, teaches, 800
BST, quite, 900
BST, learnt, 900
BST, pronounce, 1100
BST, extemporize, 800
BST, cuddle, 1500
BST, seventy, 800
BST, was, 800
BST, mr, 900
BST, both, 600
BST, longer, 600
BST, suddenly, 900
BST, flew, 1100
BST, low, 800
BST, disposed, 700
BST, can't, 900
BST, crime, 900
BST, answer, 1300
BST, trellis, 900
BST, paw, 1000
BST, games, 1000
BST, weak, 900
BST, roof, 1200
BST, foes, 900
BST, could, 800
BST, for, 600
BST, danger, 600
BST, vests, 800
BST, thin, 1100
BST, for, 500
BST, life, 1400
BST, prey, 700
BST, cheerful, 1800
BST, something, 800
BST, hail, 1000
BST, baritone, 800
BST, wandering, 700
BST, gloom, 900
BST, bristly, 600
BST, glare, 900
BST, thumbs, 1000
BST, argentine, 700
BST, busy, 900
BST, poly, 900
BST, cannot, 1000
BST, sat, 1200
BST, rail, 900
BST, supper, 800
BST, stifled, 1100
BST, mutton, 500
BST, stoutest, 400
BST, walks, 500
BST, fighters, 1300
BST, counterpane, 1300
BST, likely, 1400
BST, larder, 1100
BST, cause, 700
BST, resting, 900
BST, perpendicular, 1100
BST, it, 500
BST, implacable, 700
BST, households, 900
BST, head, 700
BST, reputation, 800
BST, pays, 800
BST, hour, 600
BST, mistoffelees, 1000
BST, dignified, 1300
BST, admit, 600
BST, remind, 600
BST, siamese, 600
BST, travelled, 1000
BST, whole, 500
BST, remind, 400
BST, mention, 800
BST, friend, 1500
BST, looks, 400
BST, missed, 800
BST, shut, 900
BST, hilarity, 1100
BST, scottish, 900
BST, halls, 700
BST, sewing, 1000
BST, third, 2200
BST, east, 1400
BST, showing, 1300
BST, gay, 1000
BST, gavotte, 1000
BST, she's, 1000
BST, bunks, 600
BST, mail's, 1400
BST, cats, 700
BST, found, 700
BST, elation, 1000
BST, yorkshire, 1000
BST, moonlit, 900
BST, caviare, 1000
BST, greens, 1100
BST, bring, 900
BST, reputation, 900
BST, do, 1000
BST, sure, 800
BST, need, 600
BST, roasted, 700
BST, strassburg, 800
BST, appears, 900
BST, vast, 600
BST, like, 900
BST, depend, 1000
BST, good, 900
BST, burst, 500
BST, every, 500
BST, hidden, 700
BST, difficult, 900
BST, appearance, 500
BST, deceiving, 1000
BST, formed, 1100
BST, hearth, 800
BST, yawn, 800
BST, frying, 1000
BST, dozen, 900
BST, rum, 900
BST, sums, 700
BST, here, 900
BST, everyone, 700
BST, eight, 400
BST, dozen, 400
BST, working, 700
BST, stare, 1000
BST, change, 1000
BST, roof, 700
BST, mustn't, 900
BST, stair, 600
BST, people, 900
BST, noon's, 500
BST, nearly, 600
BST, pursued, 700
BST, pall, 700
BST, cream, 1200
BST, news, 800
BST, move, 800
BST, their, 700
BST, caviare, 700
BST, hundred, 700
BST, reputation, 700
BST, sleep, 700
BST, tottery, 900
BST, placid, 900
BST, lynne, 700
BST, rejoicing, 600
BST, ming, 1000
BST, sometimes, 800
BST, walk, 600
BST, one, 500
BST, her, 700
BST, griddlebone, 1200
BST, offer, 1000
BST, dish, 800
BST, blood, 1700
BST, luggage, 900
BST, waste, 1000
BST, trusted, 1100
BST, spread, 700
BST, time, 700
BST, written, 1000
BST, disciplined, 800
BST, regular, 800
BST, quickly, 700
BST, rumpuscat, 1100
BST, vast, 600
BST, foe, 800
BST, bill, 1000
BST, sets, 900
BST, unmistakably, 600
BST, hunting, 600
BST, flash, 700
BST, find, 1000
BST, commonly, 600
BST, bones, 500
BST, reigned, 500
BST, how, 700
BST, listen, 800
BST, depend, 900
BST, wherever, 900
BST, each, 800
BST, tumblebrutus, 700
BST, pick, 900
BST, rage, 600
BST, ay, 800
BST, hi, 800
BST, creep, 800
BST, manner, 800
BST, hours, 600
BST, part, 700
BST, game, 600
BST, door, 600
BST, hurricane, 800
BST, third, 600
BST, bucko, 500
BST, cars, 900
BST, cook, 1200
BST, thin, 600
BST, bombalurina, 800
BST, his, 500
BST, noises, 700
BST, hidden, 600
BST, extensive, 700
BST, size, 700
BST, deeply, 600
BST, hail, 1200
BST, took, 700
BST, wouldn't, 700
BST, beautiful, 900
BST, jumping, 900
BST, lynne, 600
BST, character, 700
BST, develop, 700
BST, metropolis, 1100
BST, persian, 600
BST, which, 700
BST, bravo, 500
BST, hustle, 700
BST, folded, 900
BST, character, 600
BST, between, 800
BST, dust, 700
BST, research, 1000
BST, growltiger, 600
BST, unusual, 700
BST, spring, 600
BST, jennyanydots, 1000
BST, see, 700
BST, finally, 700
BST, what, 700
BST, news, 600
BST, snake, 600
BST, loud, 900
BST, underground, 2500
BST, arms, 1000
BST, hatches, 1000
BST, incontestable, 700
BST, tempted, 900
BST, him, 600
BST, similar, 500
BST, stifled, 800
BST, cause, 1200
BST, joy, 800
BST, someone, 800
BST, balcony, 900
BST, hoop, 900
BST, awaiting, 900
BST, before, 700
BST, sunny, 700
BST, cabbage, 600
BST, down, 500
BST, word, 700
BST, luggage, 800
BST, bailey, 800
BST, coat's, 600
BST, terrible, 700
BST, almost, 700
BST, ear, 500
BST, wherever, 800
BST, rocking, 700
BST, both, 800
BST, cord, 1600
BST, worse, 800
BST, race, 700
BST, driver, 900
BST, heard, 600
BST, deeply, 1100
BST, away, 600
BST, said, 800
BST, hard, 1100
BST, sweeter, 1400
BST, walking, 1000
BST, landlady, 1100
BST, grandest, 900
BST, indian, 500
BST, jellicles, 1100
BST, here, 1000
BST, saving, 700
BST, this, 7100
BST, surely, 800
BST, paste, 1200
BST, dish, 900
BST, quickly, 8600
BST, person, 1300
BST, kittens, 1000
BST, whatever, 900
BST, square, 700
BST, cornwall, 900
BST, music, 900
BST, ad, 1200
BST, railway, 900
BST, several, 900
BST, toilette, 1200
BST, finally, 1100
BST, theatre, 700
BST, moment, 500
BST, resents, 800
BST, yawning, 1000
BST, ruthless, 800
BST, chuck, 700
BST, larder, 900
BST, since, 600
BST, baking, 900
BST, for, 600
BST, battened, 800
BST, hammersmith, 700
BST, silly, 700
BST, fluttered, 600
BST, drawings, 800
BST, ginger, 1000
BST, secret, 700
BST, repair, 500
BST, sober, 700
BST, visits, 700
BST, profound, 1000
BST, scottish, 700
BST, warning, 700
BST, irving, 400
BST, sober, 500
BST, i'm, 700
BST, speeches, 600
BST, sewing, 800
BST, celebration, 700
BST, wicked, 800
BST, mistoffelees, 800
BST, supposed, 900
BST, skirts, 600
BST, shelf, 800
BST, believe, 800
BST, on, 600
BST, pothunter's, 600
BST, creation, 900
BST, gallowgate, 900
BST, i, 700
BST, vast, 600
BST, he, 600
BST, sorry, 900
BST, moonlit, 900
BST, shone, 600
BST, mightn't, 900
BST, express, 1000
BST, spare, 700
BST, gavotte, 800
BST, wonder, 700
BST, treaty's, 800
BST, pressed, 800
BST, spoken, 700
BST, inventions, 800
BST, simple, 600
BST, vast, 500
BST, read, 1100
BST, treaty's, 600
BST, race, 600
BST, five, 600
BST, glutton, 500
BST, drones, 600
BST, crank, 1000
BST, title, 500
BST, afraid, 600
BST, mr, 700
BST, black, 400
BST, chinese, 1100
BST, manners, 400
BST, stationmaster's, 900
BST, fast, 800
BST, rear, 700
BST, grown, 600
BST, set, 900
BST, prospers, 700
BST, retreat, 700
BST, fear, 500
BST, whiskers, 800
BST, am, 700
BST, tatting, 1200
BST, middle, 800
BST, slipped, 700
BST, hind, 9200
BST, thumbs, 1000
BST, these, 700
BST, run, 1200
BST, yorkshire, 800
BST, terror, 2600
BST, nine, 400
BST, himself, 500
BST, trying, 1200
BST, roly, 900
BST, habits, 1100
BST, wherever, 11000
BST, down, 700
BST, flash, 900
BST, concentrating, 700
BST, tottery, 1000
BST, performing, 1000
BST, show, 500
BST, wears, 500
BST, high, 600
BST, grove, 700
BST, card, 600
BST, hunt, 600
BST, disciplined, 900
BST, relate, 600
BST, doubt, 400
BST, east, 500
BST, putney, 600
BST, gin, 700
BST, work, 500
BST, fakir, 600
BST, argentine, 500
BST, resents, 600
BST, next, 600
BST, blue, 9200
BST, depart, 700
BST, rats, 600
BST, clubs, 300
BST, balcony, 800
BST, it, 300
BST, written, 700
BST, rocking, 500
BST, gin, 400
BST, hearts, 400
BST, passionate, 800
BST, tall, 800
BST, cannot, 700
BST, tail, 300
BST, square, 500
BST, pronounce, 600
BST, rescue, 500
BST, presently, 600
BST, rifled, 500
BST, domed, 300
BST, minds, 800
BST, alonzo, 700
BST, searching, 600
BST, advance, 700
BST, cheats, 900
BST, perpendicular, 700
BST, high, 500
BST, boy, 400
BST, bow, 400
BST, drones, 500
BST, rest, 600
BST, bell, 500
BST, fact, 300
BST, reputation, 500
BST, third, 700
BST, plans, 700
BST, scowled, 400
BST, i, 400
BST, floor, 700
BST, behaviour's, 700
BST, half, 700
BST, won't, 700
BST, frightful, 600
BST, wouldn't, 500
BST, passes, 400
BST, fluttered, 300
BST, troupe, 700
BST, lunched, 5000
BST, carving, 1100
BST, putting, 800
BST, hold, 2100
BST, performance, 1400
BST, stripes, 1100
BST, deuteronomy's, 900
BST, bland, 800
BST, won't, 600
BST, possible, 400
BST, land, 600
BST, more, 500
BST, joint, 400
BST, salmon, 1600
BST, grown, 600
BST, speck, 600
BST, just, 400
BST, whittington's, 600
BST, deceitfulness, 700
BST, can't, 700
BST, saw, 900
BST, efficient, 1000
BST, jellicles, 900
BST, it, 300
BST, relaxation, 600
BST, crocheting, 15600
BST, land, 700
BST, understand, 800
BST, wave, 600
BST, three, 700
BST, gave, 600
BST, rail, 400
BST, field, 600
BST, missed, 600
BST, driver, 700
BST, yard's, 500
BST, grown, 400
BST, neighbours, 700
BST, bucko, 300
BST, grandest, 800
BST, used, 700
BST, find, 700
BST, dancing, 500
BST, busy, 600
BST, said, 600
BST, gumbie, 900
BST, extemporize, 600
BST, can, 300
BST, quaxo, 700
BST, cunning, 500
BST, afraid, 600
BST, sane, 400
BST, canary, 400
BST, order, 500
BST, away, 300
BST, lurks, 500
BST, lion, 400
BST, placid, 700
BST, meet, 600
BST, jellicle, 500
BST, often, 500
BST, time, 400
BST, park, 700
BST, begun, 500
BST, hunting, 600
BST, easily, 500
BST, air, 400
BST, wait, 600
BST, blue, 300
BST, dusty, 600
BST, quarter, 300
BST, for, 300
BST, vessel, 400
BST, produce, 400
BST, onion, 400
BST, bland, 300
BST, including, 600
BST, huffery, 400
BST, days, 400
BST, yard, 500
BST, due, 400
BST, gay, 400
BST, destroyment, 800
BST, quickly, 400
BST, occurred, 1600
BST, somewhat, 600
BST, in, 300
BST, just, 300
BST, bed, 900
BST, thimble, 600
BST, fiercer, 1100
BST, skimble's, 700
BST, braw, 700
BST, growltiger, 500
BST, heart, 600
BST, chase, 800
BST, resting, 600
BST, without, 600
BST, hours, 500
BST, person, 900
BST, thought, 600
BST, show, 500
BST, scratches, 500
BST, mutton, 300
BST, hidden, 400
BST, breaks, 400
BST, three, 400
BST, bacon, 900
BST, glutton, 500
BST, hour, 300
BST, screech, 300
BST, pulled, 600
BST, appears, 500
BST, roughest, 400
BST, man, 900
BST, can't, 600
BST, yard's, 500
BST, bustopher's, 400
BST, walking, 800
BST, proud, 300
BST, with, 400
BST, oxford, 400
BST, deuteronomy, 1200
BST, sometimes, 500
BST, star, 500
BST, light, 500
BST, gravesend, 500
BST, attention, 400
BST, policeman, 500
BST, high, 400
BST, domestic, 600
BST, spoon, 400
BST, weight, 300
BST, bark, 500
BST, assembled, 400
BST, dogs, 500
BST, roasted, 500
BST, office, 600
BST, say, 400
BST, there, 500
BST, kensington, 600
BST, sniffs, 700
BST, allowed, 500
BST, muddle, 600
BST, ago, 500
BST, develop, 600
BST, ago, 200
BST, danger, 300
BST, breeze, 400
BST, foe, 500
BST, rank, 500
BST, putting, 300
BST, many, 500
BST, performing, 600
BST, sums, 400
BST, northern, 500
BST, sunken, 200
BST, really, 400
BST, nearly, 500
BST, park, 800
BST, away, 300
BST, profound, 700
BST, somebody, 600
BST, disposed, 300
BST, here, 700
BST, dozen, 600
BST, more, 500
BST, prevent, 700
BST, hi, 500
BST, mice, 300
BST, succulent, 300
BST, tight, 700
BST, white, 300
BST, appear, 400
BST, gave, 400
BST, working, 500
BST, dancing, 300
BST, metropolis, 500
BST, drilled, 400
BST, because, 300
BST, burglars, 500
BST, beard, 300
BST, victor, 600
BST, ears, 500
BST, armed, 300
BST, tyke, 700
BST, persian, 400
BST, james's, 200
BST, siamese, 300
BST, dog, 400
BST, claws, 500
BST, again, 900
BST, vests, 500
BST, strassburg, 500
BST, secret, 500
BST, yard, 400
BST, mention, 300
BST, oldest, 500
BST, hurricane, 500
BST, sorrow, 500
BST, knots, 600
BST, familiarity, 600
BST, certain, 700
BST, teaches, 900
BST, meet, 300
BST, why, 300
BST, prey, 300
BST, behaviour's, 800
BST, down, 200
BST, let, 500
BST, operation, 600
BST, mail's, 600
BST, weather, 400
BST, most, 300
BST, hammersmith, 500
BST, spring, 300
BST, concentrating, 700
BST, last, 300
BST, air, 400
BST, foreign, 600
BST, walks, 200
BST, our, 300
BST, goes, 800
BST, sauce, 600
BST, regular, 500
BST, supper, 500
BST, us, 300
BST, trouble, 800
BST, missing, 200
BST, part, 600
BST, repair, 300
BST, gab, 700
BST, parlour, 600
BST, success, 400
BST, else, 600
BST, inventions, 600
BST, households, 500
BST, jaws, 500
BST, clown, 1300
BST, sober, 600
BST, suffers, 500
BST, once, 400
BST, jonathan, 300
BST, colonel, 500
BST, seen, 300
BST, accession, 600
BST, stoutest, 300
BST, taken, 700
BST, original, 700
BST, yard's, 400
BST, described, 700
BST, lives, 500
BST, occasion, 400
BST, no, 300
BST, unmistakably, 500
BST, paste, 800
BST, behaviour's, 700
BST, than, 600
BST, why, 400
BST, gambol, 700
BST, flashing, 500
BST, night, 400
BST, pleasant, 600
BST, shabby, 500
BST, carving, 500
BST, comedians, 400
BST, basin, 600
BST, jellicle, 400
BST, suffers, 500
BST, ordered, 500
BST, curled, 400
BST, file, 600
BST, digestive, 600
BST, engaged, 500
BST, war, 400
BST, powers, 400
BST, bacon, 400
BST, everyday, 500
BST, griddlebone, 500
BST, dark, 400
BST, berth, 400
BST, cards, 400
BST, field, 400
BST, sometimes, 400
BST, yawning, 500
BST, canine, 500
BST, economy, 600
BST, deuteronomy's, 500
BST, notable, 400
BST, acted, 400
BST, ready, 600
BST, believe, 500
BST, sight, 500
BST, own, 600
BST, it's, 300
BST, commanded, 300
BST, pack, 400
BST, mail's, 600
BST, stepped, 700
BST, bedroom, 500
BST, looks, 200
BST, wouldn't, 500
BST, often, 500
BST, can't, 400
BST, whose, 500
BST, looked, 600
BST, rapt, 400
BST, crime, 400
BST, nodded, 200
BST, sauce, 600
BST, glutton, 500
BST, heathen, 900
BST, regale, 400
BST, bed, 500
BST, anecdotes, 400
BST, dust, 500
BST, summer, 400
BST, enough, 400
BST, written, 500
BST, difficult, 600
BST, paw, 500
BST, bark, 300
BST, possible, 300
BST, legs, 600
BST, fiercer, 800
BST, bacon, 200
BST, including, 400
BST, steel, 400
BST, smartest, 300
BST, mate, 400
BST, forward, 600
BST, aim, 400
BST, smart, 300
BST, worse, 400
BST, going, 600
BST, bothered, 400
BST, joins, 400
BST, what, 400
BST, ever, 300
BST, hen, 200
BST, jumping, 500
BST, park, 500
BST, warning, 500
BST, you're, 400
BST, canine, 600
BST, befall, 400
BST, meet, 400
BST, know, 500
BST, voice, 500
BST, smart, 300
BST, powers, 400
BST, lined, 400
BST, beyond, 500
BST, hard, 600
BST, bullocks, 400
BST, help, 600
BST, of, 300
BST, presto, 600
BST, guards, 600
BST, ruthless, 700
BST, turn, 400
BST, even, 400
BST, lunched, 300
BST, abandoning, 400
BST, preserved, 400
BST, due, 400
BST, mistoffelees, 500
BST, skin, 200
BST, knees, 200
BST, paw, 400
BST, drawer, 700
BST, extemporize, 400
BST, border, 500
BST, smart, 300
BST, produced, 500
BST, child, 600
BST, walking, 600
BST, evidences, 300
BST, hearts, 400
BST, looks, 200
BST, underneath, 700
BST, pollicle, 700
BST, george, 500
BST, asparagus, 300
BST, grown, 300
BST, louts, 700
BST, flip, 500
BST, pipers, 700
BST, possible, 200
BST, intervention, 600
BST, my, 300
BST, parlour, 600
BST, cake, 1200
BST, much, 500
BST, help, 800
BST, caterwaul, 500
BST, afraid, 500
BST, spare, 500
BST, gilbert, 500
BST, ordered, 600
BST, asleep, 400
BST, course, 800
BST, enough, 500
BST, admiralty, 500
BST, no, 300
BST, pekes, 600
BST, rear, 500
BST, pantry, 600
BST, suddenly, 400
BST, pulled, 500
BST, she's, 600
BST, finished, 800
BST, potted, 300
BST, decline, 800
BST, him, 300
BST, singular, 400
BST, acted, 300
BST, swarmed, 500
BST, time, 500
BST, white, 300
BST, faced, 400
BST, lose, 600
BST, alibi, 300
BST, strand, 400
BST, folk, 600
BST, practise, 600
BST, ghost, 400
BST, he'll, 200
BST, human, 500
BST, you're, 400
BST, purred, 400
BST, nearly, 400
BST, every, 300
BST, do, 500
BST, caper, 700
BST, clowns, 400
BST, lock, 300
BST, scotch, 600
BST, village, 600
BST, toothful, 600
BST, large, 300
BST, certainly, 600
BST, horn, 400
BST, patent, 600
BST, get, 500
BST, some, 700
BST, hemisphere, 500
BST, had, 400
BST, used, 500
BST, told, 300
BST, fact, 200
BST, ease, 400
BST, various, 500
BST, bunks, 300
BST, screech, 300
BST, types, 500
BST, huffery, 400
BST, fear, 400
BST, most, 300
BST, onion, 400
BST, knowing, 600
BST, surprising, 600
BST, possessed, 500
BST, spring, 300
BST, strassburg, 400
BST, din, 700
BST, cheese, 700
BST, bread, 600
BST, depart, 500
BST, soul, 500
BST, ad, 400
BST, grumble, 600
BST, me, 600
BST, woe, 300
BST, likes, 400
BST, worse, 300
BST, tucks, 600
BST, evidences, 400
BST, again, 300
BST, resting, 500
BST, am, 200
BST, make, 500
BST, shore, 300
BST, deceitfulness, 500
BST, poor, 400
BST, examines, 500
BST, lies, 400
BST, larder, 500
BST, treaty's, 400
BST, dark, 300
BST, moon, 300
BST, crimes, 400
BST, world, 300
BST, walked, 400
BST, white, 200
BST, notable, 400
BST, ships, 400
BST, looks, 200
BST, out, 300
BST, due, 300
BST, division, 400
BST, wall, 400
BST, signal, 400
BST, will, 300
BST, shuffle, 300
BST, burst, 300
BST, doing, 500
BST, speeches, 400
BST, be, 400
BST, ready, 500
BST, mice, 400
BST, loss, 400
BST, firefrorefiddle, 500
BST, bailey, 600
BST, plato, 700
BST, walks, 300
BST, dried, 500
BST, old, 400
BST, rum, 600
BST, unreliable, 600
BST, hurricane, 600
BST, bold, 400
BST, suggested, 500
BST, hostile, 300
BST, powers, 400
BST, grumbuskin, 500
BST, through, 400
BST, defy, 300
BST, tattoo, 900
BST, jennyanydots, 500
BST, households, 400
BST, train, 500
BST, swarmed, 400
BST, disclosed, 400
BST, finally, 500
BST, knockabout, 500
BST, walking, 500
BST, deuteronomy's, 500
BST, seemed, 400
BST, wait, 300
BST, mad, 600
BST, afraid, 400
BST, morning, 600
BST, can, 300
BST, dignified, 700
BST, from, 500
BST, battened, 1200
BST, circled, 700
BST, rifled, 700
BST, looted, 500
BST, awaiting, 500
BST, bite, 500
BST, deeply, 600
BST, card, 600
BST, pullaways, 600
BST, pounder, 400
BST, sleep, 500
BST, fighters, 800
BST, hear, 400
BST, biters, 500
BST, door, 300
BST, eat, 600
BST, barrels, 400
BST, bill, 300
BST, since, 400
BST, whose, 500
BST, hampton, 500
BST, third, 500
BST, noon's, 400
BST, makes, 500
BST, misplaced, 500
BST, beautiful, 500
BST, hidden, 400
BST, travelled, 500
BST, forbidding, 400
BST, drawers, 500
BST, done, 400
BST, my, 300
BST, faced, 300
BST, old, 500
BST, powers, 500
BST, knives, 500
BST, to, 400
BST, bangkok, 400
BST, aim, 600
BST, yawn, 500
BST, away, 400
BST, unless, 500
BST, drawings, 400
BST, peaceful, 500
BST, disobliging, 600
BST, never, 400
BST, digestive, 400
BST, merry, 700
BST, success, 400
BST, sees, 300
BST, similar, 200
BST, so, 300
BST, luck, 500
BST, peke, 700
BST, deeds, 500
BST, an, 200
BST, suffers, 300
BST, tottery, 500
BST, trembled, 500
BST, nodded, 300
BST, thimble, 400
BST, putting, 400
BST, lovers, 300
BST, passionate, 600
BST, pudding, 200
BST, dusty, 300
BST, calculate, 400
BST, please, 300
BST, goes, 700
BST, busy, 400
BST, game, 300
BST, vase, 500
BST, come, 500
BST, returned, 700
BST, leopard, 700
BST, strong, 400
BST, side, 400
BST, caterwaul, 400
BST, looted, 300
BST, movements, 300
BST, lion, 300
BST, balcony, 500
BST, or, 200
BST, pudding, 300
BST, life, 200
BST, smash, 400
BST, let, 300
BST, familiarity, 500
BST, family, 400
BST, poly, 600
BST, often, 400
BST, tail, 600
BST, true, 600
BST, grouse, 600
BST, troupe, 400
BST, deeply, 400
BST, poor, 300
BST, cord, 600
BST, feline's, 700
BST, time, 300
BST, things, 500
BST, wide, 400
BST, day, 200
BST, forbidding, 300
BST, inventions, 400
BST, signal, 400
BST, curtain, 600
BST, argentine, 300
BST, toasting, 300
BST, grumble, 400
BST, middle, 500
BST, signal, 200
BST, ask, 500
BST, guard, 500
BST, some, 600
BST, ceased, 500
BST, whiskers, 500
BST, wandering, 500
BST, swung, 600
BST, ordered, 500
BST, intervention, 300
BST, greets, 500
BST, rocking, 500
BST, sorry, 300
BST, lunched, 200
BST, rather, 500
BST, produce, 400
BST, doubt, 300
BST, anything, 400
BST, police, 500
BST, line, 500
BST, regale, 400
BST, someone, 400
BST, examines, 500
BST, left, 500
BST, neat, 400
BST, pranks, 400
BST, drop, 200
BST, din, 500
BST, tight, 400
BST, treat, 600
BST, inventions, 300
BST, mat, 400
BST, stol'n, 400
BST, ay, 300
BST, sleeping, 300
BST, suggested, 400
BST, occupation, 300
BST, lead, 200
BST, guards, 500
BST, men, 500
BST, greets, 400
BST, missing, 300
BST, pretend, 500
BST, victims, 700
BST, routine, 600
BST, pekinese, 600
BST, corridor, 800
BST, cut, 300
BST, knife, 700
BST, gravesend, 700
BST, roof, 600
BST, deeply, 700
BST, evil, 300
BST, rule, 400
BST, place, 600
BST, commonplace, 300
BST, larder's, 600
BST, shone, 400
BST, armed, 200
BST, another, 300
BST, another, 200
BST, creating, 600
BST, cockroaches, 500
BST, several, 600
BST, tatting, 800
BST, you'll, 400
BST, bombalurina, 400
BST, cheers, 700
BST, poor, 400
BST, ear, 300
BST, gravesend, 400
BST, bailey, 600
BST, noon's, 300
BST, supervise, 600
BST, habit, 800
BST, pays, 600
BST, stopping, 500
BST, mail, 700
BST, whiskers, 500
BST, that's, 400
BST, flat, 700
BST, cream, 800
BST, wait, 500
BST, oh, 400
BST, be, 300
BST, jonathan, 300
BST, chinks, 300
BST, discover, 500
BST, knife, 500
BST, din, 600
BST, dumfries, 600
BST, gumbie, 600
BST, clear, 500
BST, drones, 300
BST, many, 500
BST, needs, 700
BST, things, 700
BST, small, 400
BST, vessel, 500
BST, speak, 600
BST, merely, 600
BST, evil, 300
BST, frequently, 500
BST, wrong, 500
BST, blood, 400
BST, nine, 200
BST, where, 400
BST, jellicles, 400
BST, argentine, 400
BST, examines, 400
BST, while, 400
BST, occasional, 300
BST, playing, 500
BST, shone, 300
BST, world, 300
BST, disciplined, 600
BST, bagmen, 600
BST, flying, 500
BST, luggage, 500
BST, office, 300
BST, described, 600
BST, why, 300
BST, tail, 500
BST, blood, 300
BST, eating, 500
BST, alibi, 300
BST, telegraph, 400
BST, indian, 300
BST, bedroom, 500
BST, types, 600
BST, faces, 400
BST, was, 300
BST, guess, 700
BST, tempted, 400
BST, gab, 500
BST, tiger, 400
BST, digestive, 700
BST, terpsichorean, 500
BST, extemporize, 400
BST, looked, 600
BST, side, 400
BST, cats, 300
BST, bustopher, 200
BST, asparagus, 300
BST, unmistakably, 500
BST, mile, 500
BST, flat, 500
BST, crocheting, 700
BST, wicked, 400
BST, cheats, 500
BST, hunting, 500
BST, off, 300
BST, pleasant, 500
BST, not, 100
BST, pearls, 500
BST, produced, 500
BST, stubborn, 400
BST, cottagers, 300
BST, matter, 500
BST, meditation, 500
BST, pleasant, 400
BST, took, 500
BST, bear, 500
BST, five, 400
BST, tight, 500
BST, british, 400
BST, breaks, 300
BST, vowed, 400
BST, middle, 500
BST, roughest, 300
BST, spare, 400
BST, palsy, 600
BST, shake, 500
BST, original, 400
BST, meditation, 500
BST, glared, 600
BST, heard, 200
BST, do, 500
BST, dinner, 400
BST, steel, 400
BST, ran, 300
BST, child, 500
BST, aloof, 1100
BST, jones, 200
BST, pays, 500
BST, equally, 500
BST, belong, 400
BST, calculate, 300
BST, world, 400
BST, advance, 500
BST, any, 300
BST, hoop, 500
BST, work, 1400
BST, boy, 400
BST, shakespeare, 600
BST, saunter, 500
BST, fish, 500
BST, thin, 900
BST, pipers, 700
BST, stubborn, 400
BST, taste, 700
BST, bellow, 600
BST, could, 700
BST, sort, 700
BST, greenhouse, 700
BST, roof, 600
BST, here, 600
BST, halls, 500
BST, busy, 600
BST, tyke, 600
BST, name, 400
BST, visits, 300
BST, set, 700
BST, seemed, 400
BST, bustopher's, 500
BST, quickly, 600
BST, flying, 400
BST, flash, 500
BST, enemy, 400
BST, looks, 400
BST, hustle, 400
BST, smash, 500
BST, forced, 700
BST, shyer, 400
BST, about, 500
BST, two, 400
BST, possible, 400
BST, salmon, 800
BST, drain, 400
BST, paper, 600
BST, fireworks, 500
BST, examines, 500
BST, cuddle, 600
BST, start, 800
BST, inventions, 400
BST, rifled, 500
BST, own, 600
BST, rehearsal, 400
BST, fireballs, 600
BST, vase, 500
BST, shore, 400
BST, five, 300
BST, of, 200
BST, above, 400
BST, goose, 400
BST, onion, 400
BST, shut, 500
BST, learnt, 800
BST, better, 500
BST, sheep, 400
BST, given, 500
BST, skimbleshanks, 500
BST, should, 300
BST, reflect, 500
BST, artful, 400
BST, say, 400
BST, tucks, 700
BST, afternoon, 500
BST, spare, 400
BST, disorderly, 700
BST, clown, 400
BST, against, 200
BST, sweeter, 700
BST, hall, 600
BST, trusted, 400
BST, after, 200
BST, glass, 400
BST, high, 500
BST, this, 400
BST, awaiting, 500
BST, airs, 400
BST, hatred, 200
BST, untoward, 700
BST, dinner, 400
BST, rotherhithe, 500
BST, we, 200
BST, supposed, 500
BST, licks, 500
BST, pollicles, 600
BST, schools, 300
BST, electra, 600
BST, land, 400
BST, shining, 400
BST, bland, 300
BST, probably, 400
BST, by, 300
BST, jellicles, 600
BST, lawn, 400
BST, toes, 500
BST, toasting, 200
BST, entitled, 400
BST, incurably, 400
BST, slowly, 500
BST, woken, 500
BST, ears, 500
BST, bark, 400
BST, mongolian, 300
BST, noises, 400
BST, airs, 300
BST, eyes, 400
BST, theatre's, 500
BST, couple, 600
BST, feline's, 500
BST, appears, 400
BST, square, 300
BST, hatred, 300
BST, rice, 300
BST, playing, 700
BST, gravesend, 500
BST, floor, 500
BST, village, 700
BST, different, 700
BST, show, 500
BST, crime's, 600
BST, licking, 400
BST, forced, 500
BST, finished, 600
BST, taste, 700
BST, fame, 500
BST, drones, 300
BST, lined, 400
BST, world, 400
BST, speaks, 300
BST, spoon, 200
BST, colonel, 400
BST, nell, 500
BST, road, 600
BST, think, 500
BST, then, 400
BST, dusty, 400
BST, gentlemen, 600
BST, helpful, 600
BST, lock, 300
BST, remarkably, 300
BST, upon, 500
BST, gab, 600
BST, woolworth, 600
BST, tip, 500
BST, fact, 200
BST, waste, 600
BST, pubs, 200
BST, outwardly, 600
BST, serried, 500
BST, scotland, 400
BST, formed, 600
BST, my, 300
BST, wash, 400
BST, yawning, 700
BST, most, 300
BST, relaxation, 400
BST, glass, 400
BST, she's, 1200
BST, tucks, 1100
BST, neat, 600
BST, greenhouse, 900
BST, snappers, 1000
BST, guess, 600
BST, call, 600
BST, lock, 400
BST, pub, 400
BST, licks, 600
BST, done, 500
BST, third, 500
BST, away, 400
BST, dog's, 500
BST, needs, 500
BST, more, 400
BST, wall, 400
BST, aloof, 400
BST, kind, 600
BST, bucko, 200
BST, frantic, 600
BST, criminal, 600
BST, salmon, 800
BST, looted, 400
BST, disorderly, 700
BST, toasting, 400
BST, so, 300
BST, better, 400
BST, some, 600
BST, sailor, 600
BST, louts, 700
BST, express, 500
BST, armed, 200
BST, stripes, 500
BST, woken, 500
BST, dry, 500
BST, bustle, 400
BST, bore, 500
BST, sight, 500
BST, things, 600
BST, prefer, 600
BST, done, 300
BST, respect, 600
BST, wait, 400
BST, disorderly, 500
BST, deuteronomy's, 500
BST, five, 400
BST, deeply, 300
BST, although, 500
BST, legs, 500
BST, jonathan, 300
BST, bore, 300
BST, given, 600
BST, habits, 500
BST, shone, 400
BST, biters, 400
BST, actor, 300
BST, cunning, 400
BST, quaxo, 600
BST, flash, 500
BST, have, 200
BST, duet, 300
BST, telegraph, 600
BST, wet, 400
BST, creating, 500
BST, disclosed, 400
BST, part, 500
BST, him, 300
BST, phenomenal, 500
BST, riot, 400
BST, blue, 400
BST, needs, 500
BST, give, 500
BST, catch, 300
BST, deceitfulness, 400
BST, guess, 500
BST, serried, 500
BST, needed, 300
BST, paces, 500
BST, bucko, 300
BST, holiday, 600
BST, don't, 300
BST, it's, 300
BST, domed, 200
BST, tell, 500
BST, sewing, 600
BST, pullaways, 400
BST, parlour, 600
BST, past, 500
BST, crewe, 400
BST, although, 300
BST, flashing, 400
BST, feet, 400
BST, tide, 400
BST, enough, 500
BST, incurably, 400
BST, going, 600
BST, wouldn't, 600
BST, ninety, 400
BST, indian, 200
BST, dignified, 700
BST, set, 600
BST, agents, 300
BST, pleasant, 600
BST, resting, 400
BST, habits, 500
BST, ghost, 300
BST, drain, 400
BST, spats, 300
BST, caterwaul, 400
BST, token, 400
BST, bell, 400
BST, venison, 400
BST, ruthless, 600
BST, impeccable, 300
BST, knives, 600
BST, stationmaster's, 700
BST, respect, 300
BST, library, 400
BST, highly, 400
BST, thin, 300
BST, underneath, 600
BST, friends, 600
BST, preserved, 400
BST, sneers, 500
BST, beside, 300
BST, returned, 500
BST, respectable, 300
BST, tight, 500
BST, oxford, 400
BST, crime's, 600
BST, scraped, 500
BST, confess, 500
BST, cards, 400
BST, dance, 500
BST, regale, 400
BST, fastidious, 400
BST, theatre's, 600
BST, jumping, 400
BST, terpsichorean, 600
BST, remind, 400
BST, bandicoot, 400
BST, saving, 500
BST, wave, 300
BST, wandering, 400
BST, mind, 700
BST, bat, 400
BST, walkers, 600
BST, rest, 500
BST, sang, 400
BST, people, 400
BST, such, 300
BST, flop, 400
BST, beautiful, 500
BST, mile, 900
BST, join, 500
BST, finished, 1000
BST, visits, 500
BST, nice, 500
BST, sunday, 600
BST, feline's, 700
BST, rage, 400
BST, ninety, 300
BST, shakespeare, 700
BST, awake, 600
BST, belong, 300
BST, basement, 500
BST, joint, 200
BST, that, 400
BST, last, 400
BST, bustopher, 200
BST, mustn't, 400
BST, peke, 700
BST, whole, 300
BST, wandering, 500
BST, gallowgate, 700
BST, road, 500
BST, horn, 500
BST, everyday, 500
BST, lurks, 400
BST, bounder, 300
BST, ready, 500
BST, pekes, 500
BST, created, 800
BST, coricopat, 500
BST, youth, 300
BST, succession, 600
BST, anecdotes, 300
BST, busy, 400
BST, sat, 700
BST, dour, 400
BST, tattoo, 800
BST, same, 500
BST, anecdotes, 300
BST, lynne, 500
BST, were, 500
BST, research, 600
BST, hall, 800
BST, armed, 300
BST, heathen, 500
BST, deeply, 600
BST, woken, 500
BST, respectable, 400
BST, knew, 400
BST, why, 400
BST, watches, 500
BST, returned, 400
BST, rifled, 400
BST, rat, 500
BST, seek, 500
BST, little, 400
BST, tail, 500
BST, surely, 400
BST, paw, 500
BST, things, 700
BST, misplaced, 500
BST, scotch, 600
BST, title, 300
BST, repose, 600
BST, goes, 700
BST, same, 500
BST, deuteronomy's, 600
BST, name, 300
BST, slap, 500
BST, greets, 600
BST, preserved, 400
BST, astray, 400
BST, rise, 600
BST, bunks, 300
BST, full, 400
BST, master, 500
BST, vicarage, 600
BST, augustus, 500
BST, yard, 400
BST, clubs, 200
BST, hurry, 300
BST, catch, 400
BST, garden, 400
BST, toasting, 400
BST, elation, 500
BST, upon, 400
BST, chance, 700
BST, whenever, 400
BST, investigate, 400
BST, each, 400
BST, rats, 300
BST, you're, 500
BST, thing, 500
BST, foreign, 500
BST, wash, 300
BST, his, 300
BST, friend, 700
BST, cheats, 500
BST, glass, 400
BST, round, 300
BST, cannot, 500
BST, shuddered, 400
BST, pressed, 500
BST, amazing, 300
BST, sometimes, 400
BST, library, 500
BST, lead, 300
BST, manly, 300
BST, ho, 600
BST, put, 400
BST, trusted, 700
BST, jonathan, 300
BST, good, 600
BST, tumblebrutus, 400
BST, creep, 600
BST, rake, 400
BST, jack, 400
BST, breeze, 500
BST, proverb, 400
BST, dignified, 600
BST, nearly, 400
BST, frantic, 400
BST, head, 400
BST, respectable, 300
BST, ineffable, 600
BST, human, 500
BST, trying, 600
BST, long, 300
BST, from, 500
BST, gloom, 400
BST, skimbleshanks, 500
BST, he'd, 300
BST, am, 300
BST, shall, 300
BST, practise, 500
BST, seventy, 700
BST, cornwall, 500
BST, eating, 500
BST, take, 600
BST, there's, 300
BST, scattered, 500
BST, summer, 300
BST, master, 300
BST, peke's, 600
BST, don't, 500
BST, people, 300
BST, supposed, 400
BST, phenomenal, 600
BST, sets, 400
BST, beside, 400
BST, names, 300
BST, crack, 500
BST, mustn't, 500
BST, careful, 1100
BST, you'll, 500
BST, there's, 300
BST, then, 300
BST, part, 700
BST, hours, 700
BST, mistoffelees, 600
BST, signal's, 500
BST, understand, 500
BST, blood, 500
BST, junks, 300
BST, gone, 600
BST, gallery, 400
BST, complicated, 500
BST, heard, 300
BST, names, 300
BST, wapping, 400
BST, mail's, 500
BST, brentford, 400
BST, cup, 500
BST, whose, 400
BST, moment, 300
BST, occasion, 400
BST, boy, 300
BST, showing, 500
BST, flashing, 500
BST, onion, 400
BST, has, 200
BST, bonnets, 300
BST, wet, 300
BST, metropolis, 500
BST, called, 600
BST, suddenly, 500
BST, night, 300
BST, wind, 500
BST, macavity's, 500
BST, rule, 500
BST, trusted, 700
BST, clubs, 200
BST, fight, 900
BST, fell, 400
BST, whether, 400
BST, vests, 500
BST, skirts, 400
BST, knowing, 800
BST, fierce, 300
BST, gift, 400
BST, bill, 500
BST, saving, 500
BST, controls, 400
BST, burglars, 400
BST, jellylorum, 400
BST, hear, 400
BST, chance, 700
BST, off, 500
BST, serried, 400
BST, hunt, 500
BST, footprints, 400
BST, master, 400
BST, with, 300
BST, monster, 400
BST, speck, 400
BST, bones, 200
BST, pudding, 200
BST, sate, 300
BST, do, 500
BST, grandest, 500
BST, ineffable, 700
BST, and, 200
BST, takes, 600
BST, bedside, 500
BST, inclined, 400
BST, hearts, 400
BST, bustopher's, 400
BST, person, 700
BST, wind, 500
BST, slowly, 500
BST, aim, 400
BST, dock, 400
BST, that's, 400
BST, me, 500
BST, terpsichorean, 500
BST, bothered, 300
BST, time, 500
BST, thumbs, 500
BST, voice, 300
BST, silly, 400
BST, somewhat, 400
BST, roasted, 500
BST, vase, 400
BST, cunning, 500
BST, tyke, 500
BST, cats, 300
BST, sorry, 400
BST, wants, 500
BST, high, 400
BST, pekinese, 500
BST, once, 300
BST, sight, 400
BST, dour, 400
BST, are, 200
BST, sneeze, 500
BST, see, 400
BST, more, 300
BST, change, 500
BST, corridor, 500
BST, pekes, 500
BST, passes, 300
BST, tile, 400
BST, routine, 300
BST, afraid, 500
BST, lurks, 300
BST, bravo, 300
BST, unless, 400
BST, fighting, 700
BST, similar, 200
BST, speak, 500
BST, sets, 500
BST, keeping, 500
BST, gift, 500
BST, ho, 600
BST, sleeping, 300
BST, her, 500
BST, cheers, 700
BST, within, 400
BST, dames, 500
BST, scraped, 600
BST, celebration, 400
BST, untoward, 600
BST, grips, 400
BST, now, 400
BST, walk, 400
BST, stubborn, 400
BST, counterpane, 700
BST, frightful, 600
BST, attention, 300
BST, implacable, 400
BST, slap, 500
BST, licking, 400
BST, bit, 400
BST, arms, 300
BST, hemisphere, 500
BST, learnt, 600
BST, days, 300
BST, joined, 500
BST, history, 400
BST, sight's, 400
BST, somewhat, 300
BST, toothful, 500
BST, scowled, 200
BST, jaws, 500
BST, pampered, 500
BST, feast, 800
BST, hatches, 300
BST, vague, 1100
BST, cornwall, 800
BST, indian, 300
BST, office, 400
BST, prefer, 600
BST, pullaways, 500
BST, room, 700
BST, finds, 900
BST, riot, 500
BST, lion, 500
BST, law, 300
BST, canine, 800
BST, beetles, 600
BST, sampans, 600
BST, skin, 200
BST, hairier, 800
BST, door, 400
BST, fireballs, 600
BST, fiend, 300
BST, coat, 200
BST, pride, 500
BST, without, 600
BST, regular, 400
BST, quaxo, 600
BST, efficient, 500
BST, can't, 500
BST, thing, 600
BST, club, 300
BST, stifled, 600
BST, different, 800
BST, plato, 800
BST, bosun, 400
BST, everyone, 400
BST, rhyme, 300
BST, thin, 300
BST, stationmaster, 900
BST, gambol, 700
BST, joy, 400
BST, see, 500
BST, moonlit, 600
BST, o, 500
BST, cake, 600
BST, proper, 500
BST, famous, 300
BST, gives, 400
BST, pick, 500
BST, grandest, 500
BST, balmy, 500
BST, usually, 400
BST, person, 500
BST, jump, 400
BST, gumbie, 700
BST, greens, 500
BST, past, 500
BST, hard, 600
BST, hammersmith, 400
BST, scottish, 500
BST, frequently, 500
BST, verse, 500
BST, spring, 400
BST, putting, 300
BST, wave, 400
BST, parlour, 600
BST, hilarity, 400
BST, through, 400
BST, commonly, 400
BST, similar, 200
BST, but, 400
BST, flying, 400
BST, pugs, 400
BST, various, 500
BST, finished, 600
BST, manner, 500
BST, with, 400
BST, wants, 500
BST, somewhat, 400
BST, persian, 400
BST, profound, 600
BST, peculiar, 600
BST, loves, 400
BST, prevent, 600
BST, when, 400
BST, sure, 400
BST, hairier, 500
BST, blood, 300
BST, vowed, 300
BST, greenhouse, 600
BST, lies, 500
BST, he's, 100
BST, sworn, 500
BST, seemed, 500
BST, lead, 300
BST, certainly, 700
BST, people, 400
BST, flying, 400
BST, without, 500
BST, impeccable, 400
BST, paw, 500
BST, deep, 700
BST, dancing, 300
BST, cosy, 500
BST, din, 500
BST, drawer, 600
BST, certainly, 600
BST, sauce, 700
BST, star, 400
BST, sound, 400
BST, i'm, 400
BST, underground, 600
BST, curtain, 500
BST, mind, 500
BST, stalk, 400
BST, worse, 400
BST, joint, 200
BST, given, 600
BST, saw, 400
BST, legs, 500
BST, size, 500
BST, grandest, 600
BST, pollicles, 600
BST, fish, 400
BST, moonlight, 400
BST, oven, 500
BST, street, 300
BST, boy, 400
BST, ring, 400
BST, prefer, 500
BST, floor, 600
BST, needs, 600
BST, matting, 600
BST, five, 300
BST, down, 300
BST, bafflement, 500
BST, enjoys, 500
BST, aboard, 300
BST, rather, 500
BST, patent, 600
BST, jog, 400
BST, bosun, 300
BST, fakir, 400
BST, admit, 200
BST, knots, 700
BST, bacon, 400
BST, moonlit, 500
BST, comedians, 400
BST, take, 700
BST, gives, 400
BST, sneers, 600
BST, pothunter's, 300
BST, strassburg, 400
BST, dock, 500
BST, wave, 400
BST, ignored, 300
BST, tomorrow, 600
BST, curtain, 1100
BST, very, 700
BST, thin, 500
BST, vague, 400
BST, prowling, 400
BST, busy, 500
BST, stifled, 600
BST, greens, 800
BST, skin, 200
BST, stare, 500
BST, forward, 600
BST, missed, 700
BST, domed, 500
BST, closed, 600
BST, there, 500
BST, bell, 500
BST, thin, 400
BST, rail, 500
BST, magicians, 600
BST, stepped, 600
BST, crime, 500
BST, held, 600
BST, ay, 400
BST, sentimental, 500
BST, hi, 500
BST, bedside, 500
BST, forward, 500
BST, crime's, 600
BST, tea, 700
BST, armed, 300
BST, french, 500
BST, phenomenal, 800
BST, true, 700
BST, made, 500
BST, levitation, 500
BST, see, 400
BST, shakespeare, 500
BST, difficult, 700
BST, stopping, 600
BST, eight, 300
BST, speck, 400
BST, sets, 600
BST, disposed, 400
BST, cream, 700
BST, fry, 600
BST, unless, 400
BST, fox, 400
BST, taken, 700
BST, hostile, 400
BST, all, 200
BST, baking, 600
BST, village, 500
BST, usual, 500
BST, inhabitant, 600
BST, wellington, 600
BST, sound, 400
BST, exactly, 400
BST, leopard, 800
BST, alone, 400
BST, narrowest, 400
BST, weather, 500
BST, shining, 500
BST, quite, 500
BST, beetles, 500
BST, back, 200
BST, missing, 400
BST, elation, 500
BST, notable, 500
BST, paste, 700
BST, ming, 600
BST, caviare, 600
BST, sniffs, 400
BST, keeping, 600
BST, treaty's, 700
BST, shuffle, 400
BST, scotland, 300
BST, into, 400
BST, watch, 400
BST, blazing, 300
BST, wonderful, 500
BST, peaceful, 400
BST, night, 400
BST, home, 600
BST, shout, 500
BST, griddlebone, 600
BST, see, 500
BST, pride, 500
BST, poor, 300
BST, listen, 500
BST, cottagers, 400
BST, ceased, 500
BST, sits, 500
BST, easy, 500
BST, again, 400
BST, midnight, 500
BST, legs, 500
BST, dumfries, 500
BST, pull, 600
BST, but, 400
BST, beautiful, 600
BST, careful, 600
BST, men, 600
BST, finished, 800
BST, scottish, 500
BST, sometimes, 500
BST, shape, 500
BST, look, 500
BST, terrible, 500
BST, grown, 400
BST, deceive, 700
BST, stubborn, 300
BST, broken, 400
BST, rest, 600
BST, lorries, 400
BST, deep, 700
BST, misplaced, 400
BST, sound, 300
BST, gumbie, 700
BST, gone, 600
BST, stopped, 400
BST, afraid, 500
BST, token, 500
BST, reach, 500
BST, scraped, 600
BST, black, 300
BST, season, 300
BST, commonly, 400
BST, secret, 400
BST, entitled, 500
BST, cherish, 700
BST, develop, 500
BST, shrimps, 200
BST, sunday, 500
BST, vowed, 400
BST, till, 600
BST, domestic, 400
BST, deeply, 400
BST, ears, 400
BST, proper, 600
BST, rats, 300
BST, an, 300
BST, incurably, 400
BST, shout, 500
BST, hunt, 500
BST, sang, 500
BST, suddenly, 300
BST, roasted, 500
BST, belong, 300
BST, so, 300
BST, soon, 500
BST, away, 400
BST, stoutest, 400
BST, plank, 500
BST, are, 300
BST, awake, 1000
BST, forks, 800
BST, various, 600
BST, implacable, 400
BST, knows, 700
BST, for, 300
BST, habitat, 600
BST, bothered, 400
BST, sits, 500
BST, or, 200
BST, dog's, 600
BST, taken, 700
BST, neighbouring, 400
BST, once, 400
BST, slipped, 500
BST, fresh, 700
BST, rescue, 300
BST, traffic, 400
BST, rifled, 500
BST, afternoon, 500
BST, degree, 400
BST, hilarity, 600
BST, artful, 400
BST, ear, 300
BST, way, 200
BST, astray, 400
BST, scoff, 400
BST, skin, 200
BST, slap, 400
BST, looted, 400
BST, person, 700
BST, cord, 700
BST, pothunter's, 300
BST, be, 300
BST, controls, 400
BST, croaks, 500
BST, always, 300
BST, whatever, 500
BST, flew, 500
BST, jumping, 400
BST, likely, 600
BST, did, 300
BST, taste, 600
BST, faced, 200
BST, shyer, 300
BST, corridor, 500
BST, should, 500
BST, likely, 300
BST, hundred, 400
BST, thinks, 500
BST, trouble, 600
BST, do, 500
BST, mail's, 500
BST, chinese, 600
BST, moonlit, 600
BST, profound, 500
BST, we're, 300
BST, better, 300
BST, token, 400
BST, boy, 300
BST, at, 300
BST, rule, 500
BST, stormy, 500
BST, give, 500
BST, wall, 400
BST, riot, 400
BST, roasted, 400
BST, telegraph, 400
BST, lying, 400
BST, card, 400
BST, pantomime, 400
BST, mouse, 300
BST, bit, 300
BST, nothing, 400
BST, hurry, 300
BST, agents, 200
BST, tugger, 700
BST, shabby, 400
BST, stationmaster's, 1200
BST, luggage, 400
BST, closer, 300
BST, persian, 400
BST, powers, 400
BST, ago, 300
BST, airs, 400
BST, they, 300
BST, mustn't, 500
BST, huffery, 400
BST, twenty, 300
BST, original, 400
BST, notable, 300
BST, lovers, 200
BST, scene, 400
BST, we, 200
BST, traffic, 300
BST, such, 1100
BST, bustle, 400
BST, jumping, 400
BST, wonderful, 500
BST, presto, 500
BST, sort, 500
BST, bag, 300
BST, jonathan, 300
BST, bit, 200
BST, the, 200
BST, saving, 500
BST, tile, 500
BST, deeds, 600
BST, plans, 500
BST, someone, 500
BST, proverb, 300
BST, quaxo, 500
BST, day, 200
BST, rake, 400
BST, drawers, 500
BST, admiralty, 300
BST, cream, 600
BST, night, 300
BST, flying, 500
BST, yard's, 400
BST, fighting, 600
BST, light, 500
BST, plank, 300
BST, cunning, 400
BST, matting, 500
BST, underneath, 600
BST, battened, 400
BST, joins, 200
BST, salmon, 500
BST, molesey, 300
BST, curious, 400
BST, familiarity, 500
BST, remarkably, 100
BST, race, 300
BST, habit, 700
BST, loves, 300
BST, lying, 300
BST, scouts, 500
BST, pampered, 400
BST, here, 500
BST, tomorrow, 300
BST, curled, 300
BST, why, 300
BST, drain, 300
BST, enough, 500
BST, fast, 300
BST, claws, 300
BST, hold, 500
BST, seek, 400
BST, described, 600
BST, allowed, 300
BST, above, 500
BST, fancier, 400
BST, creep, 400
BST, woe, 900
BST, she's, 800
BST, speaks, 500
BST, leave, 700
BST, dried, 500
BST, at, 300
BST, black, 300
BST, jump, 400
BST, mind, 500
BST, tatting, 700
BST, o, 500
BST, use, 600
BST, for, 400
BST, torn, 600
BST, looks, 300
BST, wears, 300
BST, tide, 300
BST, alonzo, 500
BST, pretend, 700
BST, dock, 500
BST, tie, 400
BST, asleep, 400
BST, pleasant, 700
BST, things, 700
BST, library, 600
BST, ho, 600
BST, patent, 500
BST, snappers, 400
BST, ninety, 300
BST, physiognomy, 600
BST, degree, 400
BST, myself, 400
BST, highest, 400
BST, poms, 500
BST, mat, 500
BST, drink, 300
BST, file, 700
BST, lived, 600
BST, ghost, 500
BST, biters, 400
BST, admiralty, 500
BST, longer, 400
BST, vessel, 300
BST, respectable, 500
BST, they, 300
BST, between, 500
BST, passes, 300
BST, flashing, 400
BST, balcony, 400
BST, service, 600
BST, nice, 500
BST, eye, 400
BST, eat, 600
BST, nice, 200
BST, dames, 400
BST, disciplined, 500
BST, twenty, 400
BST, lynne, 400
BST, office, 400
BST, vast, 300
BST, engage, 500
BST, depend, 600
BST, leave, 500
BST, someone, 400
BST, theatre's, 500
BST, looked, 400
BST, yawn, 500
BST, pol, 500
BST, both, 300
BST, reason, 300
BST, soul, 600
BST, suddenly, 400
BST, bear, 400
BST, head, 400
BST, everyday, 400
BST, and, 200
BST, footprints, 500
BST, acted, 300
BST, still, 500
BST, pie, 700
BST, over, 600
BST, snuffery, 400
BST, shore, 400
BST, fighting, 500
BST, behaviour's, 600
BST, wears, 400
BST, told, 300
BST, know, 600
BST, called, 600
BST, put, 300
BST, coat's, 300
BST, liked, 400
BST, spring, 300
BST, nature, 300
BST, presently, 400
BST, run, 700
BST, notice, 400
BST, munkustrap, 500
BST, shabby, 300
BST, though, 600
BST, metropolis, 600
BST, bell, 300
BST, flip, 400
BST, crewe, 600
BST, disobliging, 500
BST, control, 500
BST, hairier, 600
BST, pretend, 500
BST, person, 500
BST, develop, 600
BST, cousins, 500
BST, bedroom, 500
BST, stalk, 600
BST, comedians, 400
BST, travelled, 500
BST, spats, 200
BST, only, 300
BST, himself, 400
BST, begun, 400
BST, paces, 400
BST, got, 700
BST, black, 200
BST, fiercer, 600
BST, less, 500
BST, ear, 300
BST, loss, 400
BST, of, 300
BST, reach, 500
BST, likes, 400
BST, rail, 300
BST, appearance, 300
BST, quiet, 500
BST, finished, 600
BST, cars, 400
BST, silly, 300
BST, door, 300
BST, gag, 600
BST, sways, 600
BST, establishes, 400
BST, service, 600
BST, engage, 300
BST, plans, 500
BST, mail, 600
BST, knew, 400
BST, regular, 300
BST, air, 300
BST, allowed, 400
BST, at, 200
BST, pheasant, 600
BST, brown, 400
BST, mail, 400
BST, muddle, 300
BST, catch, 300
BST, hours, 400
BST, strand, 900
BST, ad, 500
BST, policeman, 600
BST, busy, 600
BST, still, 500
BST, dog's, 800
BST, gin, 600
BST, underneath, 700
BST, performance, 500
BST, curtain, 700
BST, palmiest, 600
BST, monster, 500
BST, dock, 500
BST, dining, 500
BST, described, 500
BST, long, 500
BST, examines, 500
BST, profound, 600
BST, spoken, 500
BST, nice, 400
BST, advance, 400
BST, five, 400
BST, reserving, 500
BST, stopping, 400
BST, drilled, 400
BST, sight's, 600
BST, half, 500
BST, joins, 300
BST, chance, 700
BST, behind, 400
BST, sight, 400
BST, child, 400
BST, pekes, 500
BST, needed, 400
BST, soul, 600
BST, occasional, 300
BST, stare, 500
BST, fellows, 500
BST, moonlit, 500
BST, griddlebone, 500
BST, you've, 500
BST, black, 300
BST, never, 400
BST, cut, 300
BST, hearts, 400
BST, till, 700
BST, silly, 300
BST, domestic, 400
BST, looted, 400
BST, change, 500
BST, baggy, 300
BST, circled, 300
BST, onion, 400
BST, dry, 400
BST, tip, 300
BST, going, 700
BST, vast, 400
BST, fighting, 500
BST, under, 300
BST, club, 300
BST, narrowest, 400
BST, prowling, 200
BST, smart, 300
BST, reason, 200
BST, mungojerrie, 500
BST, bullocks, 400
BST, season, 400
BST, brown, 600
BST, library, 600
BST, cheerful, 800
BST, suddenly, 500
BST, crime, 400
BST, braw, 400
BST, through, 500
BST, succulent, 200
BST, tip, 300
BST, skimbleshanks, 600
BST, suffers, 300
BST, beard, 400
BST, see, 300
BST, drink, 200
BST, broken, 300
BST, hearth, 400
BST, holds, 500
BST, him, 200
BST, cosy, 500
BST, alone, 400
BST, against, 200
BST, fantastic, 400
BST, manners, 300
BST, rank, 300
BST, understand, 500
BST, spare, 400
BST, inventions, 400
BST, grab, 600
BST, tea, 500
BST, we've, 500
BST, thin, 400
BST, basin, 500
BST, so's, 500
BST, they, 300
BST, cabbage, 300
BST, tip, 300
BST, catch, 300
BST, growltiger's, 500
BST, breeze, 500
BST, molesey, 400
BST, sneers, 500
BST, you, 200
BST, through, 300
BST, burglars, 400
BST, oxford, 400
BST, stifled, 400
BST, balcony, 500
BST, tucks, 600
BST, blue, 200
BST, snuffery, 300
BST, knockabout, 500
BST, progeny, 600
BST, likes, 400
BST, shut, 500
BST, token, 400
BST, soul, 400
BST, history, 500
BST, bring, 300
BST, entitled, 500
BST, turn, 400
BST, fresh, 500
BST, sunken, 400
BST, too, 200
BST, asleep, 400
BST, depend, 600
BST, scoff, 400
BST, different, 600
BST, lean, 600
BST, forced, 400
BST, hunt, 500
BST, dour, 400
BST, nothing, 400
BST, really, 500
BST, news, 400
BST, midnight, 700
BST, dish, 500
BST, awaiting, 400
BST, tumblebrutus, 500
BST, troupe, 400
BST, salmon, 700
BST, knife, 500
BST, market, 400
BST, domed, 200
BST, paw, 400
BST, legs, 600
BST, mistoffelees, 400
BST, sheep, 500
BST, you'll, 700
BST, outwardly, 600
BST, woolworth, 500
BST, commonplace, 400
BST, tomorrow, 500
BST, yard's, 400
BST, there, 400
BST, dozen, 400
BST, wandering, 500
BST, show, 500
BST, tight, 500
BST, skeered, 200
BST, equally, 600
BST, uproar, 400
BST, and, 200
BST, underneath, 600
BST, joy, 400
BST, mouse, 400
BST, barrels, 400
BST, dick, 600
BST, games, 700
BST, croaks, 600
BST, movements, 400
BST, race, 500
BST, more, 300
BST, dry, 500
BST, guess, 700
BST, fresh, 600
BST, habits, 400
BST, order, 500
BST, depart, 600
BST, certain, 800
BST, thinks, 400
BST, lock, 300
BST, its, 300
BST, deep, 600
BST, larder's, 600
BST, practise, 600
BST, put, 400
BST, night, 400
BST, jog, 400
BST, pounder, 500
BST, much, 300
BST, rumpelteazer, 700
BST, dames, 600
BST, division, 400
BST, flop, 400
BST, pull, 400
BST, haunt, 300
BST, poms, 400
BST, care, 700
BST, glare, 700
BST, news, 400
BST, milk, 500
BST, comedians, 500
BST, over, 600
BST, card, 300
BST, crocheting, 600
BST, dog, 500
BST, success, 400
BST, swung, 500
BST, impeccable, 300
BST, habitat, 600
BST, crossed, 400
BST, sneeze, 400
BST, magicians, 500
BST, sound, 400
BST, again, 300
BST, play, 400
BST, leave, 700
BST, roughest, 300
BST, cunning, 900
BST, allowed, 300
BST, cornwall, 500
BST, buried, 600
BST, fighters, 700
BST, sentimental, 300
BST, wide, 700
BST, too, 300
BST, join, 400
BST, deceive, 600
BST, bafflement, 600
BST, forks, 800
BST, they're, 500
BST, rum, 500
BST, trellis, 500
BST, swung, 500
BST, mice, 400
BST, economy, 500
BST, siamese, 300
BST, jennyanydots, 400
BST, care, 500
BST, seedy, 400
BST, neat, 300
BST, prospers, 300
BST, deuteronomy, 600
BST, bangkok, 500
BST, two, 400
BST, bailey, 400
BST, come, 500
BST, notice, 500
BST, licking, 500
BST, domestic, 400
BST, gravity, 600
BST, shuddered, 200
BST, gardens, 500
BST, drawers, 600
BST, season, 300
BST, seven, 400
BST, several, 400
BST, somebody, 600
BST, fireworks, 400
BST, bustopher's, 400
BST, secret, 400
BST, surround, 500
BST, respectable, 400
BST, sailor, 700
BST, establishes, 400
BST, hidden, 400
BST, teaches, 600
BST, thames, 400
BST, hatred, 300
BST, fox's, 400
BST, keep, 700
BST, gawn, 300
BST, fuss, 500
BST, closed, 500
BST, upon, 400
BST, cockroaches, 500
BST, five, 300
BST, whittington's, 400
BST, grab, 500
BST, cord, 600
BST, stoutest, 400
BST, nothing, 400
BST, jellylorum, 300
BST, neglect, 500
BST, only, 400
BST, knockabout, 700
BST, grab, 400
BST, thinks, 400
BST, above, 500
BST, bullocks, 400
BST, cherish, 700
BST, gallowgate, 500
BST, bounder, 400
BST, economy, 300
BST, stol'n, 400
BST, extemporize, 300
BST, commonly, 400
BST, hurricane, 500
BST, much, 300
BST, funny, 400
BST, clear, 400
